date,query,replies,message,views,favorites
2022-11-16,"""Drop your #NFT"" (#NFT OR #NFTDrop)",100,These NFTs are drawings from a traveler going to a strange land https://t.co/NofFrvapjR,31,1
2022-11-18,"""Drop your #NFT"" (#NFT OR #NFTDrop)",100,These NFTs are drawings from a traveler going to a strange land https://t.co/NofFrvapjR,32,1
2022-11-20,"""Drop your #NFT"" (#NFT OR #NFTDrop)",100,These NFTs are drawings from a traveler going to a strange land https://t.co/NofFrvapjR,39,1
2022-11-22,"""Drop your #NFT"" (#NFT OR #NFTDrop)",100,These NFTs are drawings from a traveler going to a strange land https://t.co/NofFrvapjR,40,1
2022-11-24,"""Drop your #NFT"" (#NFT OR #NFTDrop)",100,These NFTs are drawings from a traveler going to a strange land https://t.co/NofFrvapjR,41,1
2022-11-26,"""Drop your #NFT"" (#NFT OR #NFTDrop)",100,These NFTs are drawings from a traveler going to a strange land https://t.co/NofFrvapjR,43,1
2022-11-28,"""Drop your #NFT"" (#NFT OR #NFTDrop)",100,These NFTs are drawings from a traveler going to a strange land https://t.co/NofFrvapjR,43,1
2022-11-30,"""Drop your #NFT"" (#NFT OR #NFTDrop)",100,These NFTs are drawings from a traveler going to a strange land https://t.co/NofFrvapjR,45,1
2022-12-02,"""Drop your #NFT"" (#NFT OR #NFTDrop)",100,These NFTs are drawings from a traveler going to a strange land https://t.co/NofFrvapjR,47,1
2022-12-04,"""Drop your #NFT"" (#NFT OR #NFTDrop)",100,These NFTs are drawings from a traveler going to a strange land https://t.co/NofFrvapjR,48,1
2022-12-06,"""Drop your #NFT"" (#NFT OR #NFTDrop)",100,These NFTs are drawings from a traveler going to a strange land https://t.co/NofFrvapjR,49,1
2022-12-08,Drop your #NFT (#NFT OR #NFTDrop) min_faves:100,100,These NFTs are drawings from a traveler going to a strange land https://t.co/NofFrvapjR,49,1
2022-12-10,Drop your #NFT (#NFT OR #NFTDrop) min_faves:100,100,These NFTs are drawings from a traveler going to a strange land https://t.co/NofFrvapjR,49,1
2022-12-12,Drop your #NFT (#NFT OR #NFTDrop) min_faves:100,100,These NFTs are drawings from a traveler going to a strange land https://t.co/NofFrvapjR,49,1
2022-12-14,Drop your #NFT (#NFT OR #NFTDrop) min_faves:100,100,These NFTs are drawings from a traveler going to a strange land https://t.co/NofFrvapjR,49,1
2022-12-16,Drop your #NFT (#NFT OR #NFTDrop) min_faves:100,100,These NFTs are drawings from a traveler going to a strange land https://t.co/NofFrvapjR,49,1
2022-12-18,Drop your #NFT (#NFT OR #NFTDrop) min_faves:100,100,These NFTs are drawings from a traveler going to a strange land https://t.co/NofFrvapjR,49,1
2022-12-20,Drop your #NFT (#NFT OR #NFTDrop) min_faves:100,100,These NFTs are drawings from a traveler going to a strange land https://t.co/NofFrvapjR,49,1
2022-12-22,Drop your #NFT (#NFT OR #NFTDrop) min_faves:100,100,These NFTs are drawings from a traveler going to a strange land https://t.co/NofFrvapjR,49,1
2022-12-24,Drop your #NFT (#NFT OR #NFTDrop) min_faves:100,100,These NFTs are drawings from a traveler going to a strange land https://t.co/NofFrvapjR,49,1
2022-12-26,Drop your #NFT (#NFT OR #NFTDrop) min_faves:100,100,These NFTs are drawings from a traveler going to a strange land https://t.co/NofFrvapjR,49,1
2022-12-28,Drop your #NFT (#NFT OR #NFTDrop) min_faves:100,100,These NFTs are drawings from a traveler going to a strange land https://t.co/NofFrvapjR,49,1
2022-12-30,Drop your #NFT (#NFT OR #NFTDrop) min_faves:100,100,These NFTs are drawings from a traveler going to a strange land https://t.co/NofFrvapjR,49,1
2023-01-02,Drop your #NFT (#NFT OR #NFTDrop) min_faves:100,100,These NFTs are drawings from a traveler going to a strange land https://t.co/NofFrvapjR,49,1
2023-01-04,Drop your #NFT (#NFT OR #NFTDrop) min_faves:100,100,These NFTs are drawings from a traveler going to a strange land https://t.co/NofFrvapjR,49,1
